{"cameraMode":{"drawMode":0,"name":"Shaded","section":"Shading Mode"},"sceneLighting":false,"audioPlay":false,"sceneViewState":{"m_AlwaysRefresh":false,"showFog":true,"showSkybox":false,"showFlares":false,"showImageEffects":true,"showParticleSystems":true,"showVisualEffectGraphs":true,"m_FxEnabled":true},"in2DMode":false,"pivot":{"x":1.414999008178711,"y":2.9022791385650636,"z":6.205061912536621},"rotation":{"x":0.0029266325291246177,"y":-0.21929556131362916,"z":-0.0006588195683434606,"w":-0.9756559729576111},"size":8.018884658813477,"orthographic":false}