{"cameraMode":{"drawMode":0,"name":"Shaded","section":"Shading Mode"},"sceneLighting":true,"audioPlay":false,"sceneViewState":{"m_AlwaysRefresh":false,"showFog":true,"showSkybox":true,"showFlares":false,"showImageEffects":true,"showParticleSystems":true,"showVisualEffectGraphs":true,"m_FxEnabled":true},"in2DMode":false,"pivot":{"x":-652.8609619140625,"y":-319.9106140136719,"z":-50.93778610229492},"rotation":{"x":0.02249872498214245,"y":0.00748532684519887,"z":-0.00012575062282849103,"w":0.9997602105140686},"size":18.323532104492189,"orthographic":false}