{"cameraMode":{"drawMode":0,"name":"Shaded","section":"Shading Mode"},"sceneLighting":true,"audioPlay":false,"sceneViewState":{"m_AlwaysRefresh":false,"showFog":true,"showSkybox":true,"showFlares":false,"showImageEffects":true,"showParticleSystems":true,"showVisualEffectGraphs":true,"m_FxEnabled":true},"in2DMode":false,"pivot":{"x":-0.010625600814819336,"y":2.4443914890289308,"z":-0.4179067611694336},"rotation":{"x":-0.050230953842401507,"y":0.9392911195755005,"z":-0.15670397877693177,"w":-0.30108723044395449},"size":2.91815447807312,"orthographic":false}