{"cameraMode":{"drawMode":0,"name":"Shaded","section":"Shading Mode"},"sceneLighting":false,"audioPlay":false,"sceneViewState":{"m_AlwaysRefresh":false,"showFog":true,"showSkybox":true,"showFlares":false,"showImageEffects":true,"showParticleSystems":true,"showVisualEffectGraphs":true,"m_FxEnabled":true},"in2DMode":false,"pivot":{"x":244.35031127929688,"y":224.6205596923828,"z":10.95964241027832},"rotation":{"x":-0.028485344722867013,"y":-0.027892135083675386,"z":0.0007945262477733195,"w":-0.9992098212242127},"size":26.259456634521486,"orthographic":false}