{"cameraMode":{"drawMode":0,"name":"Shaded","section":"Shading Mode"},"sceneLighting":true,"audioPlay":false,"sceneViewState":{"m_AlwaysRefresh":false,"showFog":true,"showSkybox":true,"showFlares":false,"showImageEffects":true,"showParticleSystems":true,"showVisualEffectGraphs":true,"m_FxEnabled":true},"in2DMode":false,"pivot":{"x":127.62310791015625,"y":51.42291259765625,"z":-216.97283935546876},"rotation":{"x":0.15367689728736878,"y":-0.3250606954097748,"z":0.053680457174777988,"w":0.9316318035125732},"size":1383.5848388671875,"orthographic":false}