{"cameraMode":{"drawMode":0,"name":"Shaded","section":"Shading Mode"},"sceneLighting":false,"audioPlay":false,"sceneViewState":{"m_AlwaysRefresh":false,"showFog":true,"showSkybox":true,"showFlares":false,"showImageEffects":true,"showParticleSystems":true,"showVisualEffectGraphs":true,"m_FxEnabled":true},"in2DMode":false,"pivot":{"x":504.75567626953127,"y":127.96199798583985,"z":324.7913818359375},"rotation":{"x":0.012111798860132695,"y":-0.6789159774780273,"z":-0.011203904636204243,"w":-0.7340367436408997},"size":393.7281799316406,"orthographic":false}