{"cameraMode":{"drawMode":0,"name":"Shaded","section":"Shading Mode"},"sceneLighting":true,"audioPlay":false,"sceneViewState":{"m_AlwaysRefresh":false,"showFog":true,"showSkybox":true,"showFlares":false,"showImageEffects":true,"showParticleSystems":true,"showVisualEffectGraphs":true,"m_FxEnabled":true},"in2DMode":false,"pivot":{"x":1.0073732137680054,"y":-1.6385841369628907,"z":19.253305435180665},"rotation":{"x":-0.10060074180364609,"y":0.027453584596514703,"z":-0.002777194371446967,"w":-0.9945443868637085},"size":18.278486251831056,"orthographic":false}