{"cameraMode":{"drawMode":0,"name":"Shaded","section":"Shading Mode"},"sceneLighting":false,"audioPlay":false,"sceneViewState":{"m_AlwaysRefresh":false,"showFog":true,"showSkybox":true,"showFlares":false,"showImageEffects":true,"showParticleSystems":true,"showVisualEffectGraphs":true,"m_FxEnabled":true},"in2DMode":false,"pivot":{"x":-116.88253784179688,"y":115.75235748291016,"z":515.7540283203125},"rotation":{"x":-0.02185770682990551,"y":0.25309568643569949,"z":0.005355138797312975,"w":0.9672497510910034},"size":10.62067699432373,"orthographic":false}