{"cameraMode":{"drawMode":0,"name":"Shaded","section":"Shading Mode"},"sceneLighting":true,"audioPlay":false,"sceneViewState":{"m_AlwaysRefresh":false,"showFog":true,"showSkybox":true,"showFlares":false,"showImageEffects":true,"showParticleSystems":true,"showVisualEffectGraphs":true,"m_FxEnabled":true},"in2DMode":false,"pivot":{"x":473.8573913574219,"y":73.46737670898438,"z":-23.277568817138673},"rotation":{"x":-0.0008294509025290608,"y":-0.8424278497695923,"z":-0.001248602056875825,"w":0.5388750433921814},"size":60.05056381225586,"orthographic":false}