{"cameraMode":{"drawMode":0,"name":"Shaded","section":"Shading Mode"},"sceneLighting":false,"audioPlay":false,"sceneViewState":{"m_AlwaysRefresh":false,"showFog":true,"showSkybox":false,"showFlares":false,"showImageEffects":true,"showParticleSystems":true,"showVisualEffectGraphs":true,"m_FxEnabled":true},"in2DMode":false,"pivot":{"x":2.5020675659179689,"y":2.3610427379608156,"z":0.3390369415283203},"rotation":{"x":-0.028464362025260927,"y":-0.049182355403900149,"z":0.0013823966728523374,"w":-0.998439371585846},"size":19.31127166748047,"orthographic":false}