{"cameraMode":{"drawMode":0,"name":"Shaded","section":"Shading Mode"},"sceneLighting":false,"audioPlay":false,"sceneViewState":{"m_AlwaysRefresh":false,"showFog":true,"showSkybox":false,"showFlares":false,"showImageEffects":true,"showParticleSystems":true,"showVisualEffectGraphs":true,"m_FxEnabled":true},"in2DMode":false,"pivot":{"x":12.657203674316407,"y":-0.3077508807182312,"z":-1.4394326210021973},"rotation":{"x":0.011968379840254784,"y":0.7497515678405762,"z":-0.013444018550217152,"w":0.6615497469902039},"size":8.282203674316407,"orthographic":false}