{"cameraMode":{"drawMode":0,"name":"Shaded","section":"Shading Mode"},"sceneLighting":false,"audioPlay":false,"sceneViewState":{"m_AlwaysRefresh":false,"showFog":true,"showSkybox":false,"showFlares":false,"showImageEffects":true,"showParticleSystems":true,"showVisualEffectGraphs":true,"m_FxEnabled":true},"in2DMode":false,"pivot":{"x":-61.360355377197269,"y":-33.1254997253418,"z":3.815824508666992},"rotation":{"x":-0.0015568601666018367,"y":0.9954029321670532,"z":-0.016425641253590585,"w":-0.09434659779071808},"size":10.222716331481934,"orthographic":false}