{"cameraMode":{"drawMode":0,"name":"Shaded","section":"Shading Mode"},"sceneLighting":false,"audioPlay":false,"sceneViewState":{"m_AlwaysRefresh":false,"showFog":true,"showSkybox":false,"showFlares":false,"showImageEffects":true,"showParticleSystems":true,"showVisualEffectGraphs":true,"m_FxEnabled":true},"in2DMode":false,"pivot":{"x":4.065240859985352,"y":1.5480310916900635,"z":-1.3908319473266602},"rotation":{"x":-0.017986424267292024,"y":-0.04020440950989723,"z":0.0007039073971100152,"w":-0.9990856051445007},"size":22.37569808959961,"orthographic":false}