{"cameraMode":{"drawMode":0,"name":"Shaded","section":"Shading Mode"},"sceneLighting":false,"audioPlay":false,"sceneViewState":{"m_AlwaysRefresh":false,"showFog":true,"showSkybox":false,"showFlares":false,"showImageEffects":true,"showParticleSystems":true,"showVisualEffectGraphs":true,"m_FxEnabled":true},"in2DMode":false,"pivot":{"x":602.7816162109375,"y":427.91058349609377,"z":473.5157775878906},"rotation":{"x":0.0000010148983164981474,"y":0.025782182812690736,"z":-0.00003817654214799404,"w":-0.9997286796569824},"size":384.16986083984377,"orthographic":false}