{"cameraMode":{"drawMode":0,"name":"Shaded","section":"Shading Mode"},"sceneLighting":false,"audioPlay":false,"sceneViewState":{"m_AlwaysRefresh":false,"showFog":true,"showSkybox":false,"showFlares":false,"showImageEffects":true,"showParticleSystems":true,"showVisualEffectGraphs":true,"m_FxEnabled":true},"in2DMode":false,"pivot":{"x":7.761920928955078,"y":-0.9577922821044922,"z":112.42800903320313},"rotation":{"x":-0.06112280488014221,"y":0.10489256680011749,"z":-0.006474729161709547,"w":-0.9926387071609497},"size":133.85394287109376,"orthographic":false}