{"cameraMode":{"drawMode":0,"name":"Shaded","section":"Shading Mode"},"sceneLighting":false,"audioPlay":false,"sceneViewState":{"m_AlwaysRefresh":false,"showFog":true,"showSkybox":false,"showFlares":false,"showImageEffects":true,"showParticleSystems":true,"showVisualEffectGraphs":true,"m_FxEnabled":true},"in2DMode":false,"pivot":{"x":18.197202682495118,"y":3.8770837783813478,"z":115.21963500976563},"rotation":{"x":0.017960164695978166,"y":-0.06566482782363892,"z":-0.0011962538119405509,"w":-0.9977356791496277},"size":77.59912109375,"orthographic":false}