{"cameraMode":{"drawMode":0,"name":"Shaded","section":"Shading Mode"},"sceneLighting":false,"audioPlay":false,"sceneViewState":{"m_AlwaysRefresh":false,"showFog":true,"showSkybox":false,"showFlares":false,"showImageEffects":true,"showParticleSystems":true,"showVisualEffectGraphs":true,"m_FxEnabled":true},"in2DMode":false,"pivot":{"x":1.5040624141693116,"y":-27.087310791015626,"z":89.51567840576172},"rotation":{"x":-0.14795957505702973,"y":-0.0071424017660319809,"z":0.0010522622615098954,"w":-0.9890254735946655},"size":56.839393615722659,"orthographic":false}